model,representation,evaluation,targetRTest,achievedRTest,nNormal,nAnomaly,nu,seed,rocAuc,precision,recall,f1Score
HMAD,joint_features_viterbi,gaussian_sensitivity,0.01,0.01,990,10,0.1,1500,1.0,0.04524886877828054,1.0,0.08658008658008658
HMAD all-one ablation,joint_features_all_one,gaussian_sensitivity,0.01,0.01,990,10,0.1,1500,1.0,0.04524886877828054,1.0,0.08658008658008658
OC-SVM flattened,flattened,gaussian_sensitivity,0.01,0.01,990,10,0.1,1500,1.0,0.021231422505307854,1.0,0.04158004158004158
OC-SVM global_summary,global_summary,gaussian_sensitivity,0.01,0.01,990,10,0.1,1500,1.0,0.06060606060606061,1.0,0.11428571428571428
OC-SVM window_summary,window_summary,gaussian_sensitivity,0.01,0.01,990,10,0.1,1500,1.0,0.03048780487804878,1.0,0.05917159763313609
HMAD,joint_features_viterbi,gaussian_sensitivity,0.05,0.05,950,50,0.1,1501,1.0,0.2032520325203252,1.0,0.33783783783783783
HMAD all-one ablation,joint_features_all_one,gaussian_sensitivity,0.05,0.05,950,50,0.1,1501,1.0,0.2032520325203252,1.0,0.33783783783783783
OC-SVM flattened,flattened,gaussian_sensitivity,0.05,0.05,950,50,0.1,1501,1.0,0.10204081632653061,1.0,0.18518518518518517
OC-SVM global_summary,global_summary,gaussian_sensitivity,0.05,0.05,950,50,0.1,1501,1.0,0.25,1.0,0.4
OC-SVM window_summary,window_summary,gaussian_sensitivity,0.05,0.05,950,50,0.1,1501,1.0,0.13966480446927373,1.0,0.24509803921568626
HMAD,joint_features_viterbi,gaussian_sensitivity,0.1,0.1,900,100,0.1,1502,1.0,0.34965034965034963,1.0,0.5181347150259067
HMAD all-one ablation,joint_features_all_one,gaussian_sensitivity,0.1,0.1,900,100,0.1,1502,1.0,0.34965034965034963,1.0,0.5181347150259067
OC-SVM flattened,flattened,gaussian_sensitivity,0.1,0.1,900,100,0.1,1502,1.0,0.1937984496124031,1.0,0.3246753246753247
OC-SVM global_summary,global_summary,gaussian_sensitivity,0.1,0.1,900,100,0.1,1502,1.0,0.411522633744856,1.0,0.5830903790087464
OC-SVM window_summary,window_summary,gaussian_sensitivity,0.1,0.1,900,100,0.1,1502,1.0,0.2564102564102564,1.0,0.40816326530612246
HMAD,joint_features_viterbi,gaussian_sensitivity,0.2,0.2,800,200,0.1,1503,1.0,0.5571030640668524,1.0,0.7155635062611807
HMAD all-one ablation,joint_features_all_one,gaussian_sensitivity,0.2,0.2,800,200,0.1,1503,1.0,0.5571030640668524,1.0,0.7155635062611807
OC-SVM flattened,flattened,gaussian_sensitivity,0.2,0.2,800,200,0.1,1503,1.0,0.34965034965034963,1.0,0.5181347150259067
OC-SVM global_summary,global_summary,gaussian_sensitivity,0.2,0.2,800,200,0.1,1503,1.0,0.6134969325153374,1.0,0.7604562737642585
OC-SVM window_summary,window_summary,gaussian_sensitivity,0.2,0.2,800,200,0.1,1503,1.0,0.4366812227074236,1.0,0.60790273556231
