sweepType,parameterName,parameterValue,anomalyBlockLength,nBlocks,totalAnomalousSteps,model,representation,evaluation,targetRTest,achievedRTest,nNormal,nAnomaly,nu,seed,rocAuc,precision,recall,f1Score
block_length,anomalyBlockLength,5,5,1,5,HMAD,joint_features_viterbi,gaussian_supplementary,0.1,0.1,900,100,0.1,1408,0.5253555555555556,0.17982456140350878,0.41,0.25
block_length,anomalyBlockLength,5,5,1,5,HMAD all-one ablation,joint_features_all_one,gaussian_supplementary,0.1,0.1,900,100,0.1,1408,0.5253555555555556,0.17982456140350878,0.41,0.25
block_length,anomalyBlockLength,5,5,1,5,OC-SVM flattened,flattened,gaussian_supplementary,0.1,0.1,900,100,0.1,1408,0.9976,0.1988071570576541,1.0,0.33167495854063017
block_length,anomalyBlockLength,5,5,1,5,OC-SVM global_summary,global_summary,gaussian_supplementary,0.1,0.1,900,100,0.1,1408,0.9989333333333333,0.43478260869565216,1.0,0.6060606060606061
block_length,anomalyBlockLength,5,5,1,5,OC-SVM window_summary,window_summary,gaussian_supplementary,0.1,0.1,900,100,0.1,1408,0.9997444444444444,0.2785515320334262,1.0,0.4357298474945534
block_length,anomalyBlockLength,10,10,1,10,HMAD,joint_features_viterbi,gaussian_supplementary,0.1,0.1,900,100,0.1,1408,0.9414111111111111,0.33451957295373663,0.94,0.49343832020997375
block_length,anomalyBlockLength,10,10,1,10,HMAD all-one ablation,joint_features_all_one,gaussian_supplementary,0.1,0.1,900,100,0.1,1408,0.9414111111111111,0.33451957295373663,0.94,0.49343832020997375
block_length,anomalyBlockLength,10,10,1,10,OC-SVM flattened,flattened,gaussian_supplementary,0.1,0.1,900,100,0.1,1408,1.0,0.1988071570576541,1.0,0.33167495854063017
block_length,anomalyBlockLength,10,10,1,10,OC-SVM global_summary,global_summary,gaussian_supplementary,0.1,0.1,900,100,0.1,1408,1.0,0.43478260869565216,1.0,0.6060606060606061
block_length,anomalyBlockLength,10,10,1,10,OC-SVM window_summary,window_summary,gaussian_supplementary,0.1,0.1,900,100,0.1,1408,1.0,0.2785515320334262,1.0,0.4357298474945534
block_length,anomalyBlockLength,20,20,1,20,HMAD,joint_features_viterbi,gaussian_supplementary,0.1,0.1,900,100,0.1,1408,1.0,0.34843205574912894,1.0,0.5167958656330749
block_length,anomalyBlockLength,20,20,1,20,HMAD all-one ablation,joint_features_all_one,gaussian_supplementary,0.1,0.1,900,100,0.1,1408,1.0,0.34843205574912894,1.0,0.5167958656330749
block_length,anomalyBlockLength,20,20,1,20,OC-SVM flattened,flattened,gaussian_supplementary,0.1,0.1,900,100,0.1,1408,1.0,0.1988071570576541,1.0,0.33167495854063017
block_length,anomalyBlockLength,20,20,1,20,OC-SVM global_summary,global_summary,gaussian_supplementary,0.1,0.1,900,100,0.1,1408,1.0,0.43478260869565216,1.0,0.6060606060606061
block_length,anomalyBlockLength,20,20,1,20,OC-SVM window_summary,window_summary,gaussian_supplementary,0.1,0.1,900,100,0.1,1408,1.0,0.2785515320334262,1.0,0.4357298474945534
block_length,anomalyBlockLength,30,30,1,30,HMAD,joint_features_viterbi,gaussian_supplementary,0.1,0.1,900,100,0.1,1408,1.0,0.34843205574912894,1.0,0.5167958656330749
block_length,anomalyBlockLength,30,30,1,30,HMAD all-one ablation,joint_features_all_one,gaussian_supplementary,0.1,0.1,900,100,0.1,1408,1.0,0.34843205574912894,1.0,0.5167958656330749
block_length,anomalyBlockLength,30,30,1,30,OC-SVM flattened,flattened,gaussian_supplementary,0.1,0.1,900,100,0.1,1408,1.0,0.1988071570576541,1.0,0.33167495854063017
block_length,anomalyBlockLength,30,30,1,30,OC-SVM global_summary,global_summary,gaussian_supplementary,0.1,0.1,900,100,0.1,1408,1.0,0.43478260869565216,1.0,0.6060606060606061
block_length,anomalyBlockLength,30,30,1,30,OC-SVM window_summary,window_summary,gaussian_supplementary,0.1,0.1,900,100,0.1,1408,1.0,0.2785515320334262,1.0,0.4357298474945534
block_length,anomalyBlockLength,40,40,1,40,HMAD,joint_features_viterbi,gaussian_supplementary,0.1,0.1,900,100,0.1,1408,1.0,0.34843205574912894,1.0,0.5167958656330749
block_length,anomalyBlockLength,40,40,1,40,HMAD all-one ablation,joint_features_all_one,gaussian_supplementary,0.1,0.1,900,100,0.1,1408,1.0,0.34843205574912894,1.0,0.5167958656330749
block_length,anomalyBlockLength,40,40,1,40,OC-SVM flattened,flattened,gaussian_supplementary,0.1,0.1,900,100,0.1,1408,1.0,0.1988071570576541,1.0,0.33167495854063017
block_length,anomalyBlockLength,40,40,1,40,OC-SVM global_summary,global_summary,gaussian_supplementary,0.1,0.1,900,100,0.1,1408,1.0,0.43478260869565216,1.0,0.6060606060606061
block_length,anomalyBlockLength,40,40,1,40,OC-SVM window_summary,window_summary,gaussian_supplementary,0.1,0.1,900,100,0.1,1408,1.0,0.2785515320334262,1.0,0.4357298474945534
block_count,nBlocks,1,10,1,10,HMAD,joint_features_viterbi,gaussian_supplementary,0.1,0.1,900,100,0.1,1408,0.9414111111111111,0.33451957295373663,0.94,0.49343832020997375
block_count,nBlocks,1,10,1,10,HMAD all-one ablation,joint_features_all_one,gaussian_supplementary,0.1,0.1,900,100,0.1,1408,0.9414111111111111,0.33451957295373663,0.94,0.49343832020997375
block_count,nBlocks,1,10,1,10,OC-SVM flattened,flattened,gaussian_supplementary,0.1,0.1,900,100,0.1,1408,1.0,0.1988071570576541,1.0,0.33167495854063017
block_count,nBlocks,1,10,1,10,OC-SVM global_summary,global_summary,gaussian_supplementary,0.1,0.1,900,100,0.1,1408,1.0,0.43478260869565216,1.0,0.6060606060606061
block_count,nBlocks,1,10,1,10,OC-SVM window_summary,window_summary,gaussian_supplementary,0.1,0.1,900,100,0.1,1408,1.0,0.2785515320334262,1.0,0.4357298474945534
block_count,nBlocks,2,10,2,20,HMAD,joint_features_viterbi,gaussian_supplementary,0.1,0.1,900,100,0.1,1408,1.0,0.34843205574912894,1.0,0.5167958656330749
block_count,nBlocks,2,10,2,20,HMAD all-one ablation,joint_features_all_one,gaussian_supplementary,0.1,0.1,900,100,0.1,1408,1.0,0.34843205574912894,1.0,0.5167958656330749
block_count,nBlocks,2,10,2,20,OC-SVM flattened,flattened,gaussian_supplementary,0.1,0.1,900,100,0.1,1408,1.0,0.1988071570576541,1.0,0.33167495854063017
block_count,nBlocks,2,10,2,20,OC-SVM global_summary,global_summary,gaussian_supplementary,0.1,0.1,900,100,0.1,1408,1.0,0.43478260869565216,1.0,0.6060606060606061
block_count,nBlocks,2,10,2,20,OC-SVM window_summary,window_summary,gaussian_supplementary,0.1,0.1,900,100,0.1,1408,1.0,0.2785515320334262,1.0,0.4357298474945534
block_count,nBlocks,3,10,3,30,HMAD,joint_features_viterbi,gaussian_supplementary,0.1,0.1,900,100,0.1,1408,1.0,0.34843205574912894,1.0,0.5167958656330749
block_count,nBlocks,3,10,3,30,HMAD all-one ablation,joint_features_all_one,gaussian_supplementary,0.1,0.1,900,100,0.1,1408,1.0,0.34843205574912894,1.0,0.5167958656330749
block_count,nBlocks,3,10,3,30,OC-SVM flattened,flattened,gaussian_supplementary,0.1,0.1,900,100,0.1,1408,1.0,0.1988071570576541,1.0,0.33167495854063017
block_count,nBlocks,3,10,3,30,OC-SVM global_summary,global_summary,gaussian_supplementary,0.1,0.1,900,100,0.1,1408,1.0,0.43478260869565216,1.0,0.6060606060606061
block_count,nBlocks,3,10,3,30,OC-SVM window_summary,window_summary,gaussian_supplementary,0.1,0.1,900,100,0.1,1408,1.0,0.2785515320334262,1.0,0.4357298474945534
