model,representation,featureDimension,kernel,nu,gamma,evaluation,seed,nTrainNormal,nNormal,nAnomaly,rTest,isPrimary,rocAuc,precision,recall,f1Score
OC-SVM,flattened,152,rbf,0.01,scale,official_test,1405,903,5499,665,0.10788449059052563,False,0.9959123121497142,0.6273584905660378,1.0,0.7710144927536232
OC-SVM,flattened,152,rbf,0.05,scale,official_test,1405,903,5499,665,0.10788449059052563,False,0.9959456743331323,0.5762564991334489,1.0,0.7311709730621221
OC-SVM,flattened,152,rbf,0.1,scale,official_test,1405,903,5499,665,0.10788449059052563,False,0.9949273073573186,0.4475100942126514,1.0,0.6183170618317062
OC-SVM,flattened,152,rbf,0.2,scale,official_test,1405,903,5499,665,0.10788449059052563,False,0.9943552279498529,0.33366783743100853,1.0,0.5003762227238525
OC-SVM,global_summary,5,rbf,0.01,scale,official_test,1405,903,5499,665,0.10788449059052563,False,0.2836841148151339,0.28807947019867547,0.13082706766917293,0.17993795243019647
OC-SVM,global_summary,5,rbf,0.05,scale,official_test,1405,903,5499,665,0.10788449059052563,False,0.27990242928652787,0.1858974358974359,0.13082706766917293,0.15357458075904679
OC-SVM,global_summary,5,rbf,0.1,scale,official_test,1405,903,5499,665,0.10788449059052563,False,0.2890641770820942,0.12446351931330472,0.13082706766917293,0.12756598240469208
OC-SVM,global_summary,5,rbf,0.2,scale,official_test,1405,903,5499,665,0.10788449059052563,False,0.2756255067565258,0.07364975450081833,0.13533834586466165,0.09538950715421304
OC-SVM,window_summary,25,rbf,0.01,scale,official_test,1405,903,5499,665,0.10788449059052563,False,0.9875304737566776,0.7432273262661955,0.9488721804511279,0.8335535006605019
OC-SVM,window_summary,25,rbf,0.05,scale,official_test,1405,903,5499,665,0.10788449059052563,False,0.9943541341077735,0.6077705827937095,0.98796992481203,0.7525773195876289
OC-SVM,window_summary,25,rbf,0.1,scale,official_test,1405,903,5499,665,0.10788449059052563,True,0.9958494162301553,0.49332344213649854,1.0,0.6607054148037754
OC-SVM,window_summary,25,rbf,0.2,scale,official_test,1405,903,5499,665,0.10788449059052563,False,0.9960372836072724,0.3507383966244726,1.0,0.5193283873486919
