model,evaluation,nNormal,nAnomaly,rTest,seed,nu,rocAuc,precision,recall,f1Score,targetRTest
HMAD,official_test,5499,665,0.10788449059052563,1405,0.1,0.3401624628948257,0.27806563039723664,0.24210526315789474,0.25884244372990356,
HMAD all-one ablation,official_test,5499,665,0.10788449059052563,1405,0.1,0.5123496138053809,0.10788449059052563,1.0,0.19475765119343974,
OC-SVM window_summary,official_test,5499,665,0.10788449059052563,1405,0.1,0.9958494162301553,0.49332344213649854,1.0,0.6607054148037754,
HMAD,sensitivity_subset,1000,10,0.009900990099009901,1505,0.1,0.3004,0.011363636363636364,0.1,0.02040816326530612,0.01
HMAD all-one ablation,sensitivity_subset,1000,10,0.009900990099009901,1505,0.1,0.52315,0.009900990099009901,1.0,0.0196078431372549,0.01
OC-SVM window_summary,sensitivity_subset,1000,10,0.009900990099009901,1505,0.1,0.9939,0.06535947712418301,1.0,0.12269938650306748,0.01
HMAD,sensitivity_subset,1000,53,0.050332383665717,1506,0.1,0.316622641509434,0.11702127659574468,0.20754716981132076,0.14965986394557823,0.05
HMAD all-one ablation,sensitivity_subset,1000,53,0.050332383665717,1506,0.1,0.5285471698113208,0.050332383665717,1.0,0.09584086799276673,0.05
OC-SVM window_summary,sensitivity_subset,1000,53,0.050332383665717,1506,0.1,0.9979622641509434,0.2849462365591398,1.0,0.4435146443514644,0.05
HMAD,sensitivity_subset,1000,111,0.0999099909990999,1507,0.1,0.35444144144144146,0.30612244897959184,0.2702702702702703,0.28708133971291866,0.1
HMAD all-one ablation,sensitivity_subset,1000,111,0.0999099909990999,1507,0.1,0.520009009009009,0.0999099909990999,1.0,0.18166939443535188,0.1
OC-SVM window_summary,sensitivity_subset,1000,111,0.0999099909990999,1507,0.1,0.9976036036036036,0.47844827586206895,1.0,0.6472303206997084,0.1
HMAD,sensitivity_subset,1000,250,0.2,1508,0.1,0.39264400000000005,0.5133333333333333,0.308,0.385,0.2
HMAD all-one ablation,sensitivity_subset,1000,250,0.2,1508,0.1,0.5025580000000001,0.2,1.0,0.3333333333333333,0.2
OC-SVM window_summary,sensitivity_subset,1000,250,0.2,1508,0.1,0.9962840000000001,0.6561679790026247,1.0,0.7923930269413629,0.2
